<?xml version="1.0" encoding="utf-8"?>
<productAdditionalComps>
   <dependsOn>
      <component>
         <name>MEAnalyzer</name>
         <locale/>
         <platformList>
            <platform>maci64</platform>
         </platformList>
         <version>23.1.16</version>
      </component>
   </dependsOn>
   <isControllingProduct>true</isControllingProduct>
   <platform>maci64</platform>
   <productName>MEAnalyzer</productName>
   <productNumber>5000</productNumber>
   <productBaseCode>MEAnalyzer</productBaseCode>
   <productVersion>23.1.16</productVersion>
   <releaseFamily>R2022b</releaseFamily>
   <releaseDescription>R2022b</releaseDescription>
</productAdditionalComps>