<?xml version="1.0" encoding="utf-8"?>
<productAdditionalComps>
   <dependsOn>
      <component>
         <name>MEAnalyzer_MAC</name>
         <locale/>
         <platformList>
            <platform>maci64</platform>
         </platformList>
         <version>21.5.12</version>
      </component>
   </dependsOn>
   <isControllingProduct>true</isControllingProduct>
   <platform>maci64</platform>
   <productName>MEAnalyzer_MAC</productName>
   <productNumber>5000</productNumber>
   <productBaseCode>MEAnalyzer_MAC</productBaseCode>
   <productVersion>21.5.12</productVersion>
   <releaseFamily>R2021a</releaseFamily>
   <releaseDescription>R2021a</releaseDescription>
</productAdditionalComps>