<?xml version="1.0" encoding="utf-8"?>
<productAdditionalComps>
   <dependsOn>
      <component>
         <name>MEAnalyzer_MAC</name>
         <locale/>
         <platformList>
            <platform>maci64</platform>
         </platformList>
         <version>22.3.8</version>
      </component>
   </dependsOn>
   <isControllingProduct>true</isControllingProduct>
   <platform>maci64</platform>
   <productName>MEAnalyzer_MAC</productName>
   <productNumber>5000</productNumber>
   <productBaseCode>MEAnalyzer_MAC</productBaseCode>
   <productVersion>22.3.8</productVersion>
   <releaseFamily>R2021b</releaseFamily>
   <releaseDescription>R2021b</releaseDescription>
</productAdditionalComps>