<?xml version="1.0" encoding="UTF-8"?><bookmarks><file xmlns="http://www.w3.org/1999/xhtml" absolutepath="/Users/work/Dropbox/MEAnalyzer_Plexon24/ExtractAxionRAW.mlapp"></file><file xmlns="http://www.w3.org/1999/xhtml" absolutepath="/Users/work/Dropbox/MEAnalyzer_Plexon24/Christa And Raha/script_saveviktd6.m"></file><file xmlns="http://www.w3.org/1999/xhtml" absolutepath="/Users/work/Dropbox/MEAnalyzer_Plexon24/MEAnalyzerAxion24_2021_12_20.mlapp"></file><file xmlns="http://www.w3.org/1999/xhtml" absolutepath="/Users/work/Dropbox/MEAnalyzer_Plexon24/MEAnalyzerAxion24_2021_12_08.mlapp"></file><file xmlns="http://www.w3.org/1999/xhtml" absolutepath="/Users/work/Dropbox/MEAnalyzer_Plexon24/Itzy/spikesPerTime.m"></file><file xmlns="http://www.w3.org/1999/xhtml" absolutepath="/Users/work/Dropbox/MEAnalyzer_Plexon24/Itzy/plotBinRaster.m"></file><file xmlns="http://www.w3.org/1999/xhtml" absolutepath="/Users/work/Dropbox/MEA analysis app/FinalApp/MovieFun.m"></file><file xmlns="http://www.w3.org/1999/xhtml" absolutepath="/Users/work/Dropbox/MEAnalyzer_Plexon24/Itzy/MovieFun.m"></file><file xmlns="http://www.w3.org/1999/xhtml" absolutepath="/Users/work/Dropbox/MEAnalyzer_Plexon24/Itzy/calculateBursts.m"></file><file xmlns="http://www.w3.org/1999/xhtml" absolutepath="/Users/work/Dropbox/MEAnalyzer_Plexon24/Itzy/dispBasicStatsAll2.m"></file><file xmlns="http://www.w3.org/1999/xhtml" absolutepath="/Users/work/Dropbox/MEAnalyzer_Plexon24/Itzy/plotRasteroverlayBurst.m"></file><file xmlns="http://www.w3.org/1999/xhtml" absolutepath="/Users/work/Dropbox/MEAnalyzer_Plexon24/Itzy/ScriptForAnalysis.m"></file><file xmlns="http://www.w3.org/1999/xhtml" absolutepath="/Users/work/Dropbox/BRACE App/BraceApp_2021_06_21.mlapp"></file><file xmlns="http://www.w3.org/1999/xhtml" absolutepath="/Volumes/nro-lrubin1$/Rubin_files/CHARTER Aging/NDI/testoutput.txt"></file><file xmlns="http://www.w3.org/1999/xhtml" absolutepath="/Volumes/nro-lrubin1$/Rubin_files/CHARTER Aging/NDI/ScriptNDI.m"></file><file xmlns="http://www.w3.org/1999/xhtml" absolutepath="/Users/work/Dropbox/MEAnalyzer_Plexon24/MEAnalyzerAxion24_2022_02_16.mlapp"></file><file xmlns="http://www.w3.org/1999/xhtml" absolutepath="/Users/work/Dropbox/MEAnalyzer_Plexon24/MEAnalyzerAxion24_2022_02_16v2.mlapp"></file><file xmlns="http://www.w3.org/1999/xhtml" absolutepath="/Users/work/Dropbox/MEAnalyzer Updates/MAC and Plexon/MEAnalyzer_02_25_2022.mlapp"></file><file xmlns="http://www.w3.org/1999/xhtml" absolutepath="/Users/work/Dropbox/BRACE App/BraceApp_2022_02_25.mlapp"></file><file xmlns="http://www.w3.org/1999/xhtml" absolutepath="/Users/work/Dropbox/MEAnalyzer Updates/MAC and Plexon/OpenAxion6well.mlapp"></file><file xmlns="http://www.w3.org/1999/xhtml" absolutepath="/Users/work/Dropbox/MEAnalyzer Updates/MAC and Plexon/OpenAxion24well.mlapp"></file><file xmlns="http://www.w3.org/1999/xhtml" absolutepath="/Users/work/Dropbox/MEAnalyzer Updates/MAC and Plexon/OpenAxion48well.mlapp"></file></bookmarks>